line	name	status	tables	ops	priority	pg_counterpart
44	get_db_connection	SQLITE-ONLY	-	UNKNOWN	LOW	False
86	init_db	SQLITE-ONLY	ai_audit_log,athlete_history,athlete_metric_log,athletes,audit_logs,beck_assessments,ble_devices,calendar_events,chat_history,daily_activity_classification,external_identities,external_tokens,fitness_states,food_logs,ftp_history,garmin_tokens,hr_24h_samples,hr_monitoring_settings,itineraries,knowledge_chunks,legal_acceptances,metabolic_adaptive_weights,metabolic_daily_summaries,metabolic_profiles,metabolic_reference_values,metrics,nutrition_food_items,pauses,performance_metrics,planned_workouts,pois,rides,road_incidents,route_safety_scores,segments,sensor_data,sessions,stages,strava_tokens,totp_secrets,training_goals,training_stress_days,user_consent,users,wahoo_tokens,weather_cache	UPSERT,WRITE	LOW	False
1048	_ensure_sync_tables	SQLITE-ONLY	sync_conflicts,sync_entity_state,sync_settings	UPSERT,WRITE	LOW	False
1098	_ensure_external_identity_index	SQLITE-ONLY	rides	READ	LOW	False
1117	_row_to_ride	SQLITE-ONLY	-	UNKNOWN	HIGH	False
1147	_find_existing_external_ride	SQLITE-ONLY	rides	READ	HIGH	True
1160	save_ride	MIGRATED	rides	WRITE	HIGH	True
1250	get_ride	MIGRATED	rides	READ	HIGH	True
1273	get_rides_by_athlete	MIGRATED	rides	READ	HIGH	True
1294	get_athlete_by_name	SQLITE-ONLY	athletes	READ	HIGH	False
1308	get_athlete_by_email	MIGRATED	athletes	READ	HIGH	True
1327	get_all_rides	MIGRATED	rides	READ	HIGH	True
1348	delete_ride	MIGRATED	rides	DELETE,READ	HIGH	True
1366	update_ride	MIGRATED	rides	UPSERT	HIGH	True
1416	save_athlete	MIGRATED	athletes	READ,UPSERT,WRITE	HIGH	True
1509	_row_to_athlete	SQLITE-ONLY	-	UPSERT	HIGH	False
1561	get_athlete	MIGRATED	athletes	READ	HIGH	True
1584	save_metric	MIGRATED	metrics	WRITE	HIGH	True
1613	save_athlete_snapshot	MIGRATED	athlete_history	WRITE	HIGH	True
1694	get_athlete_history	MIGRATED	athlete_history	READ	HIGH	True
1722	update_athlete	MIGRATED	athletes	UPSERT	HIGH	True
1795	_ensure_oauth_lock_table	SQLITE-ONLY	oauth_locks	WRITE	HIGH	False
1806	acquire_oauth_sqlite_lock	SQLITE-ONLY	-	UNKNOWN	HIGH	False
1821	release_oauth_sqlite_lock	SQLITE-ONLY	oauth_locks	DELETE,READ	HIGH	False
1827	get_athletes_by_user	MIGRATED	athletes	READ	HIGH	True
1841	get_athlete_count_by_user	MIGRATED	athletes	READ	HIGH	True
1853	delete_athlete	MIGRATED	athletes	DELETE,READ	HIGH	True
1868	_ensure_user_oauth_credentials_table	SQLITE-ONLY	user_oauth_credentials	UPSERT,WRITE	HIGH	False
1890	get_user_oauth_credentials	SQLITE-ONLY	user_oauth_credentials	READ	HIGH	False
1911	get_all_user_oauth_credentials	SQLITE-ONLY	user_oauth_credentials	READ	HIGH	False
1919	save_user_oauth_credentials	SQLITE-ONLY	user_oauth_credentials	UPSERT,WRITE	HIGH	False
1955	delete_user_oauth_credentials	SQLITE-ONLY	user_oauth_credentials	DELETE,READ	HIGH	False
1963	log_athlete_metric	MIGRATED	-	UNKNOWN	HIGH	True
2013	get_athlete_metric_log	MIGRATED	athlete_metric_log	READ	HIGH	True
2055	log_hr_sample	SQLITE-ONLY	hr_24h_samples	WRITE	HIGH	False
2086	log_hr_samples	SQLITE-ONLY	hr_24h_samples	WRITE	HIGH	False
2131	get_hr_24h_samples	SQLITE-ONLY	hr_24h_samples	READ	HIGH	False
2172	get_hr_daily_summary	SQLITE-ONLY	hr_24h_samples	READ	HIGH	False
2212	get_hr_settings	SQLITE-ONLY	hr_monitoring_settings	READ	HIGH	False
2232	upsert_hr_settings	SQLITE-ONLY	hr_monitoring_settings	UPSERT,WRITE	HIGH	False
2267	delete_hr_settings	SQLITE-ONLY	hr_monitoring_settings	DELETE,READ	HIGH	False
2285	delete_hr_samples	SQLITE-ONLY	hr_24h_samples	DELETE,READ	HIGH	False
2310	log_sensor_data	SQLITE-ONLY	sensor_data	WRITE	HIGH	False
2350	classify_day	SQLITE-ONLY	daily_activity_classification,hr_24h_samples,metabolic_daily_summaries,rides	READ,UPSERT,WRITE	LOW	False
2488	get_activity_summary	SQLITE-ONLY	daily_activity_classification	READ	LOW	False
2526	get_activity_classification	SQLITE-ONLY	daily_activity_classification	READ	LOW	False
2557	_get_max_hr_setting	SQLITE-ONLY	-	UNKNOWN	HIGH	False
2565	_get_resting_hr_setting	SQLITE-ONLY	-	UNKNOWN	HIGH	False
2573	save_metabolic_profile	SQLITE-ONLY	metabolic_profiles	UPSERT,WRITE	HIGH	False
2608	get_metabolic_profile	SQLITE-ONLY	metabolic_profiles	READ,UPSERT	HIGH	False
2636	save_food_log	SQLITE-ONLY	food_logs	WRITE	HIGH	False
2668	get_food_logs_by_athlete_date	SQLITE-ONLY	food_logs	READ	HIGH	False
2711	update_food_log	SQLITE-ONLY	food_logs	UPSERT	HIGH	False
2743	get_food_log	SQLITE-ONLY	food_logs	READ	HIGH	False
2770	delete_food_log	SQLITE-ONLY	food_logs	DELETE,READ	HIGH	False
2779	save_metabolic_daily_summary	SQLITE-ONLY	metabolic_daily_summaries	UPSERT,WRITE	HIGH	False
2829	get_metabolic_daily_summaries	SQLITE-ONLY	metabolic_daily_summaries	READ,UPSERT	HIGH	False
2877	get_metabolic_daily_summary	SQLITE-ONLY	metabolic_daily_summaries	READ,UPSERT	HIGH	False
2920	upsert_metabolic_reference_value	SQLITE-ONLY	metabolic_reference_values	UPSERT,WRITE	HIGH	False
2962	get_metabolic_reference_value	SQLITE-ONLY	metabolic_reference_values	READ	HIGH	False
3000	get_all_metabolic_reference_values	SQLITE-ONLY	metabolic_reference_values	READ	HIGH	False
3011	save_metabolic_adaptive_weights	SQLITE-ONLY	metabolic_adaptive_weights	UPSERT,WRITE	HIGH	False
3050	get_metabolic_adaptive_weights	SQLITE-ONLY	metabolic_adaptive_weights	READ	HIGH	False
3068	create_indices	SQLITE-ONLY	metrics,rides	WRITE	LOW	False
3128	backup_database	SQLITE-ONLY	-	UNKNOWN	MEDIUM	False
3141	get_backup_dir	SQLITE-ONLY	-	UNKNOWN	MEDIUM	False
3146	rotate_backups	SQLITE-ONLY	-	UNKNOWN	MEDIUM	False
3162	scheduled_backup	SQLITE-ONLY	-	UNKNOWN	MEDIUM	False
3184	save_chat_message	SQLITE-ONLY	chat_history	WRITE	MEDIUM	False
3196	get_chat_history	SQLITE-ONLY	chat_history	READ	MEDIUM	False
3214	clear_chat_history	SQLITE-ONLY	chat_history	DELETE,READ	MEDIUM	False
3225	prune_chat_history	SQLITE-ONLY	chat_history	DELETE,READ	MEDIUM	False
3245	get_all_athletes	SQLITE-ONLY	athletes	READ	HIGH	False
3253	save_calendar_event	SQLITE-ONLY	calendar_events	WRITE	MEDIUM	False
3292	get_calendar_event	SQLITE-ONLY	calendar_events	READ	MEDIUM	False
3302	get_events_by_athlete	SQLITE-ONLY	calendar_events	READ	HIGH	False
3319	get_events_by_date_range	SQLITE-ONLY	calendar_events	READ	LOW	False
3339	get_events_by_month	SQLITE-ONLY	-	UNKNOWN	LOW	False
3345	update_calendar_event	SQLITE-ONLY	calendar_events	UPSERT	MEDIUM	False
3395	delete_calendar_event	SQLITE-ONLY	calendar_events	DELETE,READ	MEDIUM	False
3407	_row_to_calendar_event	SQLITE-ONLY	-	UNKNOWN	MEDIUM	False
3428	get_weather_cache	SQLITE-ONLY	weather_cache	READ	MEDIUM	False
3447	save_weather_cache	SQLITE-ONLY	-	UNKNOWN	MEDIUM	False
3469	upsert_training_stress_day	MIGRATED	training_stress_days	UPSERT,WRITE	HIGH	True
3492	save_user	SQLITE-ONLY	users	UPSERT,WRITE	HIGH	False
3514	get_user_by_username	SQLITE-ONLY	users	READ,UPSERT	HIGH	False
3534	get_user_by_id	SQLITE-ONLY	users	READ,UPSERT	HIGH	False
3554	get_all_users	SQLITE-ONLY	users	READ,UPSERT	HIGH	False
3574	update_user	SQLITE-ONLY	users	UPSERT	HIGH	False
3596	delete_user	SQLITE-ONLY	users	DELETE,READ	HIGH	False
3604	get_training_stress_days	MIGRATED	training_stress_days	READ	HIGH	True
3630	get_latest_training_stress	MIGRATED	training_stress_days	READ	HIGH	True
3664	recalculate_training_stress_for_athlete	SQLITE-ONLY	-	UNKNOWN	HIGH	False
3709	save_road_incident	SQLITE-ONLY	-	UNKNOWN	MEDIUM	False
3733	save_route_safety_score	SQLITE-ONLY	route_safety_scores	WRITE	MEDIUM	False
3760	get_route_safety_score	SQLITE-ONLY	route_safety_scores	READ	MEDIUM	False
3791	get_athlete_by_query	SQLITE-ONLY	-	UNKNOWN	HIGH	False
3804	_row_to_poi	SQLITE-ONLY	-	UNKNOWN	MEDIUM	False
3828	save_poi	SQLITE-ONLY	pois	WRITE	MEDIUM	False
3857	get_poi	SQLITE-ONLY	pois	READ	MEDIUM	False
3868	get_nearby_pois	SQLITE-ONLY	pois	READ	MEDIUM	False
3908	list_pois	SQLITE-ONLY	pois	READ	MEDIUM	False
3937	delete_poi	SQLITE-ONLY	pois	DELETE,READ	MEDIUM	False
3946	save_itinerary	MIGRATED	itineraries	WRITE	MEDIUM	True
3976	get_itinerary	MIGRATED	itineraries	READ	MEDIUM	True
3990	list_itineraries	MIGRATED	itineraries	READ	LOW	True
4010	save_stage	MIGRATED	stages	WRITE	MEDIUM	True
4042	list_stages	MIGRATED	stages	READ	MEDIUM	True
4059	get_stage	MIGRATED	stages	READ	MEDIUM	True
4073	update_itinerary	MIGRATED	itineraries	UPSERT	MEDIUM	True
4118	delete_itinerary	MIGRATED	itineraries	DELETE,READ	MEDIUM	True
4138	update_stage	MIGRATED	stages	UPSERT	MEDIUM	True
4182	delete_stage	MIGRATED	stages	DELETE,READ	MEDIUM	True
4202	reorder_stages	MIGRATED	stages	UPSERT	MEDIUM	True
4220	_row_to_itinerary	SQLITE-ONLY	-	UNKNOWN	MEDIUM	False
4240	_row_to_stage	SQLITE-ONLY	-	UPSERT	MEDIUM	False
4265	seed_nutrition_food_items	SQLITE-ONLY	-	UPSERT	MEDIUM	False
4350	search_nutrition_food_items	SQLITE-ONLY	nutrition_food_items	READ,UPSERT	MEDIUM	False
4385	get_nutrition_food_item	SQLITE-ONLY	nutrition_food_items	READ,UPSERT	MEDIUM	False
4409	list_nutrition_categories	SQLITE-ONLY	nutrition_food_items	READ	LOW	False
4417	save_nutrition_food_item	SQLITE-ONLY	nutrition_food_items	UPSERT,WRITE	MEDIUM	False
4446	update_nutrition_food_item	SQLITE-ONLY	nutrition_food_items	UPSERT	MEDIUM	False
4474	delete_nutrition_food_item	SQLITE-ONLY	nutrition_food_items	DELETE,READ	MEDIUM	False
4482	_beck_severity	SQLITE-ONLY	-	UNKNOWN	HIGH	False
4492	save_beck_assessment	SQLITE-ONLY	beck_assessments	UPSERT,WRITE	HIGH	False
4518	get_beck_assessment	SQLITE-ONLY	beck_assessments	READ,UPSERT	HIGH	False
4538	get_beck_assessments_by_athlete	SQLITE-ONLY	beck_assessments	READ,UPSERT	HIGH	False
4565	get_metrics_by_athlete	SQLITE-ONLY	metrics	READ	HIGH	False
4582	get_fitness_states_by_athlete	SQLITE-ONLY	fitness_states	READ	HIGH	False
4599	get_food_logs_by_athlete	SQLITE-ONLY	food_logs	READ	HIGH	False
4616	get_latest_beck_assessment	SQLITE-ONLY	beck_assessments	READ,UPSERT	HIGH	False
4642	register_ble_device	SQLITE-ONLY	ble_devices	READ,UPSERT,WRITE	HIGH	False
4694	get_ble_devices	SQLITE-ONLY	ble_devices	READ	HIGH	False
4710	get_ble_device	SQLITE-ONLY	ble_devices	READ	HIGH	False
4719	update_ble_device	SQLITE-ONLY	ble_devices	UPSERT	HIGH	False
4738	unregister_ble_device	SQLITE-ONLY	ble_devices	DELETE,READ	HIGH	False
4747	mark_ble_device_connected	SQLITE-ONLY	ble_devices	UPSERT	HIGH	False
4759	mark_ble_device_synced	SQLITE-ONLY	ble_devices	UPSERT	HIGH	False
4771	save_consent	SQLITE-ONLY	user_consent	UPSERT,WRITE	HIGH	False
4793	get_consent	SQLITE-ONLY	user_consent	READ	HIGH	False
4804	get_consents_by_athlete	SQLITE-ONLY	user_consent	READ	HIGH	False
4812	save_legal_acceptance	SQLITE-ONLY	legal_acceptances	WRITE	HIGH	False
4830	get_legal_acceptances_by_athlete	SQLITE-ONLY	legal_acceptances	READ	HIGH	False
4838	has_accepted_version	SQLITE-ONLY	legal_acceptances	READ	LOW	False
4854	save_ai_audit_log	SQLITE-ONLY	ai_audit_log	WRITE	HIGH	False
4877	get_ai_audit_logs_by_athlete	SQLITE-ONLY	ai_audit_log	READ	HIGH	False
4888	_row_to_sync_entity_state	SQLITE-ONLY	-	UPSERT	LOW	False
